image,nom,prenom,email,genre,telephone,action,id_promotion,referenciel
img1.png,Dupont,Marie,marie.dupont@example.com,F,123456789,0,1,dev_web
img2.png,Dubois,Pierre,pierre.dubois@example.com,M,987654321,1,2,data
img3.png,Tremblay,Sophie,sophie.tremblay@example.com,F,555555555,0,3,ref_dig
img4.png,Smith,John,john.smith@example.com,M,111222333,0,4,aws
img5.png,Potter,Hermione,hermione.potter@example.com,F,444555666,1,5,hackeuse
img6.png,Granger,Ron,ron.granger@example.com,M,777888999,0,6,dev_web
img7.png,Weasley,Ginny,ginny.weasley@example.com,F,999000111,0,1,data
img8.png,Malfoy,Draco,draco.malfoy@example.com,M,222333444,1,2,ref_dig
img9.png,Hagrid,Rubeus,rubeus.hagrid@example.com,M,666777888,0,3,aws
img10.png,Snape,Severus,severus.snape@example.com,M,888999000,1,4,hackeuse
img11.png,Lupin,Remus,remus.lupin@example.com,M,333444555,0,5,dev_web
img12.png,Lovegood,Luna,luna.lovegood@example.com,F,555666777,1,6,data
img13.png,Fleur,Delacour,fleur.delacour@example.com,F,999111222,0,1,ref_dig
img14.png,Krum,Viktor,viktor.krum@example.com,M,333444555,0,2,aws
img15.png,Diggory,Cedric,cedric.diggory@example.com,M,777888999,1,3,hackeuse
img16.png,Patil,Parvati,parvati.patil@example.com,F,111222333,0,4,dev_web
img17.png,Patil,Padma,padma.patil@example.com,F,444555666,0,5,data
img18.png,Longbottom,Neville,neville.longbottom@example.com,M,222333444,1,1,ref_dig
img19.png,Granger,Hugo,hugo.granger@example.com,M,555666777,0,2,aws
img20.png,Weasley,Fred,fred.weasley@example.com,M,888999000,1,3,hackeuse
img21.png,Weasley,George,george.weasley@example.com,M,333444555,0,4,dev_web
img22.png,Lovegood,Xenophilius,xenophilius.lovegood@example.com,M,777888999,0,5,data
img23.png,Black,Sirius,sirius.black@example.com,M,999111222,1,6,ref_dig
img24.png,Black,Bellatrix,bellatrix.black@example.com,F,333444555,0,1,aws
img25.png,Potter,James,james.potter@example.com,M,777888999,0,2,hackeuse
img26.png,Granger,Hermione,hermione.granger@example.com,F,111222333,1,3,dev_web
img27.png,Weasley,Molly,molly.weasley@example.com,F,444555666,0,4,data
img28.png,Weasley,Ron,ron.weasley@example.com,M,222333444,0,5,ref_dig
img29.png,Lovegood,Lorcan,lorcan.lovegood@example.com,M,555666777,1,6,aws
img30.png,Malfoy,Astoria,astoria.malfoy@example.com,F,888999000,0,1,hackeuse
img31.png,Flitwick,Filius,filius.flitwick@example.com,M,333444555,0,2,dev_web
img32.png,Snape,Eileen,eileen.snape@example.com,F,777888999,1,3,data
img33.png,Hagrid,Grawp,grawp.hagrid@example.com,M,999111222,0,4,ref_dig
img34.png,Riddle,Tom,tom.riddle@example.com,M,333444555,1,5,aws
img35.png,Granger,Rose,rose.granger@example.com,F,777888999,0,6,hackeuse
img36.png,Weasley,Hermione,hermione.weasley@example.com,F,111222333,0,1,dev_web
img37.png,Weasley,Ginny,ginny.weasley@example.com,F,444555666,1,2,data
img38.png,Granger,Ron,ron.granger@example.com,M,222333444,0,3,ref_dig
img39.png,Weasley,Arthur,arthur.weasley@example.com,M,555666777,0,4,aws
img40.png,Potter,Harry,harry.potter@example.com,M,888999000,1,5,hackeuse
img41.png,Snape,Severus,severus.snape@example.com,M,333444555,0,6,dev_web
img42.png,Lupin,Remus,remus.lupin@example.com,M,555666777,1,1,data
img43.png,Lovegood,Luna,luna.lovegood@example.com,F,999111222,0,2,ref_dig
img44.png,Fleur,Delacour,fleur.delacour@example.com,F,333444555,0,3,aws
img45.png,Krum,Viktor,viktor.krum@example.com,M,777888999,1,4,hackeuse
img46.png,Diggory,Cedric,cedric.diggory@example.com,M,111222333,0,5,dev_web
img47.png,Patil,Parvati,parvati.patil@example.com,F,444555666,0,6,data
img48.png,Patil,Padma,padma.patil@example.com,F,888999000,1,1,ref_dig
img49.png,Longbottom,Neville,neville.longbottom@example.com,M,333444555,0,2,aws
img50.png,Granger,Hugo,hugo.granger@example.com,M,555666777,0,3,hackeuse
img51.png,Weasley,Fred,fred.weasley@example.com,M,777888999,1,4,dev_web
img52.png,Weasley,George,george.weasley@example.com,M,999111222,0,5,data
img53.png,Lovegood,Xenophilius,xenophilius.lovegood@example.com,M,333444555,0,6,ref_dig
img54.png,Black,Sirius,sirius.black@example.com,M,777888999,1,1,aws
img55.png,Black,Bellatrix,bellatrix.black@example.com,F,111222333,0,2,hackeuse
img56.png,Potter,James,james.potter@example.com,M,444555666,0,3,dev_web
img57.png,Granger,Hermione,hermione.granger@example.com,F,888999000,1,4,data
img58.png,Weasley,Molly,molly.weasley@example.com,F,333444555,0,5,ref_dig
img59.png,Weasley,Ron,ron.weasley@example.com,M,555666777,0,6,aws
img60.png,Lovegood,Lorcan,lorcan.lovegood@example.com,M,777888999,1,1,hackeuse
img61.png,Malfoy,Astoria,astoria.malfoy@example.com,F,999111222,0,2,dev_web
img62.png,Flitwick,Filius,filius.flitwick@example.com,M,333444555,0,3,data
img63.png,Snape,Eileen,eileen.snape@example.com,F,777888999,1,4,ref_dig
img64.png,Hagrid,Grawp,grawp.hagrid@example.com,M,111222333,0,5,aws
img65.png,Riddle,Tom,tom.riddle@example.com,M,444555666,0,6,hackeuse
img66.png,Granger,Rose,rose.granger@example.com,F,888999000,1,1,dev_web
img67.png,Weasley,Hermione,hermione.weasley@example.com,F,333444555,0,2,data
img68.png,Weasley,Ginny,ginny.weasley@example.com,F,555666777,0,3,ref_dig
img69.png,Granger,Ron,ron.granger@example.com,M,777888999,1,4,aws
img70.png,Weasley,Arthur,arthur.weasley@example.com,M,999111222,0,5,hackeuse
img71.png,Potter,Harry,harry.potter@example.com,M,111222333,0,6,dev_web
img72.png,Snape,Severus,severus.snape@example.com,M,444555666,1,1,data
img73.png,Lupin,Remus,remus.lupin@example.com,M,777888999,0,2,ref_dig
img74.png,Lovegood,Luna,luna.lovegood@example.com,F,888999000,0,3,aws
img75.png,Fleur,Delacour,fleur.delacour@example.com,F,333444555,1,4,hackeuse
img76.png,Krum,Viktor,viktor.krum@example.com,M,555666777,0,5,dev_web
img77.png,Diggory,Cedric,cedric.diggory@example.com,M,777888999,0,6,data
img78.png,Patil,Parvati,parvati.patil@example.com,F,111222333,1,1,ref_dig
img79.png,Patil,Padma,padma.patil@example.com,F,444555666,0,2,aws
img80.png,Longbottom,Neville,neville.longbottom@example.com,M,888999000,1,3,hackeuse
img81.png,Granger,Hugo,hugo.granger@example.com,M,333444555,0,4,dev_web
img82.png,Weasley,Fred,fred.weasley@example.com,M,555666777,0,5,data
img83.png,Weasley,George,george.weasley@example.com,M,777888999,1,6,ref_dig
img84.png,Lovegood,Xenophilius,xenophilius.lovegood@example.com,M,888999000,0,1,aws
img85.png,Black,Sirius,sirius.black@example.com,M,333444555,0,2,hackeuse
img86.png,Black,Bellatrix,bellatrix.black@example.com,F,777888999,1,3,dev_web
img87.png,Potter,James,james.potter@example.com,M,111222333,0,4,data
img88.png,Granger,Hermione,hermione.granger@example.com,F,444555666,0,5,ref_dig
img89.png,Weasley,Molly,molly.weasley@example.com,F,888999000,1,6,aws
img90.png,Weasley,Ron,ron.weasley@example.com,M,333444555,0,1,hackeuse
img91.png,Lovegood,Lorcan,lorcan.lovegood@example.com,M,555666777,0,2,dev_web
img92.png,Malfoy,Astoria,astoria.malfoy@example.com,F,777888999,1,3,data
img93.png,Flitwick,Filius,filius.flitwick@example.com,M,999111222,0,4,ref_dig
img94.png,Snape,Eileen,eileen.snape@example.com,F,333444555,0,5,aws
img95.png,Hagrid,Grawp,grawp.hagrid@example.com,M,888999000,1,6,hackeuse
img96.png,Riddle,Tom,tom.riddle@example.com,M,111222333,0,1,dev_web
img97.png,Granger,Rose,rose.granger@example.com,F,444555666,0,2,data
img98.png,Weasley,Hermione,hermione.weasley@example.com,F,777888999,1,3,ref_dig
img99.png,Weasley,Ginny,ginny.weasley@example.com,F,999111222,0,4,aws
img100.png,Granger,Ron,ron.granger@example.com,M,333444555,1,5,hackeuse
